id,ts,source,qty_btc,btc_usd
demo-01:0,2025-06-15T04:10:00,ocean,0.00008120,105200
demo-02:0,2025-07-15T03:55:00,ocean,0.00007980,118900
demo-03:0,2025-08-15T05:20:00,ocean,0.00007650,117400
demo-04:0,2025-09-15T02:40:00,ocean,0.00007410,115500
demo-05:0,2025-10-15T06:05:00,ocean,0.00007200,111800
demo-06:0,2025-11-15T01:30:00,basedmining,0.00006950,95600
demo-07:0,2025-12-15T04:45:00,basedmining,0.00006800,88300
demo-08:0,2026-01-15T03:15:00,basedmining,0.00006620,96100
demo-09:0,2026-03-15T05:50:00,ocean,0.00012900,84700
demo-10:0,2026-05-15T02:25:00,ocean,0.00012300,97400
demo-11:0,2026-07-15T04:35:00,basedmining,0.00011800,104800
demo-12:0,2026-09-15T03:05:00,ocean,0.00011400,115500
